Original_Mutation,Canonical_Mutation,MutaPheno_score,MutaPheno_label
ENST00000227163|P127T,P17947_P126T,0.32913043478260867,0
ENST00000334192|A287T,O00423_A268T,0.24739130434782608,0
ENSP00000366506|V39I,P25021_V39I,0.21565217391304348,0
