Original_Mutation,Canonical_Mutation,MutaPheno_score,MutaPheno_label
BRAF|Y472C,P15056_Y472C,0.7613043478260869,1
BRCA1|C24R,P38398_C24R,0.42,0
EGFR|D837A,P00533_D837A,0.8656521739130435,1
POLE|P172S,Q07864_P172S,0.24217391304347827,0
