Original_Mutation,Canonical_Mutation,MutaPheno_score,MutaPheno_label
P21359-2|R1276P,P21359_R1276P,0.5943478260869566,1
P04637|H178Q,P04637_H178Q,0.7817391304347826,1
P27986|G376R,P27986_G376R,0.7408695652173913,1
P04637|I251S,P04637_I251S,0.9856521739130435,1
