Original_Mutation,Canonical_Mutation,Core,Surface,Helix,Sheet,Loop,PTM,PTM-4Å,PTM-8Å,AlloSite,PPI-BS,PLI-BS,PNI-BS,IDReg,SLiM,DomReg,Aliphatic,Aromatic,PosCharge,NegCharge,Neutral,Special,Charge-0,Charge-1,Charge-2,Size-0,Size-1,Size-2,$\Delta\Delta G_{fold}$,$\Delta\Delta G_{bind}$,protein_class_logor_sum,subcellular_location_logor_sum,kegg_pathway_logor_sum,netslim_pathway_logor_sum,domain_logor_sum
NM_000267|R1276P,P21359_R1276P,-0.03130507538939809,0.05202613240459987,-0.0002103972589894238,-0.0007471679189179788,0.0014081052833061329,0.00030944136834433266,0.0005072755593648842,0.00040770352865904626,0.045519898411566874,0.039876978038252985,0.017021900307679416,-0.00014259878243518757,0.01089950936935905,-9.329806620927735e-05,-0.0040994333143204,0.015582809388355002,9.030735662987026e-05,0.005765131111491087,-0.0031561972913932675,0.004676943677965741,-0.002902698522207563,0.021961700432512114,0.016275631222298356,-0.00041568687037520774,0.002191750956596979,0.008117897696751497,0.034184250153550026,-0.10607695274018368,0.08130266954291945,-0.05214138437017149,-0.010678325098834238,-0.02195592640722251,-0.001975971796906652,0.027890952062462768
NP_722540|D18T,O60683_D18T,0.0413069039190359,0.040745640162587866,-0.003565369624973766,3.118926816332815e-05,-0.002400967835203952,1.2864567325928194e-06,-0.00011512154363123837,-0.002394086963350104,0.02454545973089938,-0.005515969087989504,0.01400637540133025,-0.00011321191145064735,-0.0018463114544466067,-3.6259448335560334e-05,-0.01631225372790305,0.017032872563643785,0.0007672331622182519,0.0006753469651252455,0.01652138629005913,0.003330470236494599,-0.00617875162817245,0.02543779098398298,0.013310652221421531,-0.0010088294567440468,-0.0036316357331426293,0.0038061526464385127,-0.009609669591889858,0.05034394220968171,-7.467959477152376e-05,-0.09078333318419833,-0.007851336432919527,0.06801053394219682,-0.004402065850032475,-0.15217837861097525
