Original_Mutation,Canonical_Mutation,MutaPheno_score,MutaPheno_label
NM_000267|R1276P,P21359_R1276P,0.5943478260869566,1
NP_722540|D18T,O60683_D18T,0.45608695652173914,0
